01 - Welcome;PD
02 - Buddha Dhamma;BD
03 - Key Dhamma Concepts;KD
04 - Living Dhamma;LD
05 - Dhamma and Science;DS
06 - Elephants in the Room;ER
07 - Three Levels of Practice;TL
08 - Tables and Summaries;TS
09 - Paṭicca Samuppāda;PS
10 - Is There a “Self”?;IS
11 - Dhamma and Philosophy;DP
12 - Bhāvanā (Meditation);BM
13 - Abhidhamma;AB
14 - Historical Background;HB
15 - Buddhist Chanting;BC
16 - Dhammapada;DD
17 - Sutta Interpretations;SI
18 - Myths or Realities?;MR
19 - Forums;PD
20 - About;PD
21 - Quantum Mechanics and Dhamma;QD
22 - Buddha Dhamma – Advanced;BA
23 - Buddhism in Charts;CH
24 - FootNotes;FT
25 - Miscellaneous;MS
26 - NEW POSTS;NP
